ID,Target
85197,Healthy
779677,Diseased
1331840,Diseased
483053,Diseased
542945,Diseased
924784,Diseased
544841,Diseased
1306157,Diseased
525329,Stressed
592789,Pests
1326689,Stressed
1326699,Diseased
1331844,Healthy
1326700,Diseased
1326701,Diseased
1326710,Pests
1326711,Stressed
1326712,Pests
1326713,Diseased
784737,Stressed
1331845,Stressed
1326723,Diseased
1326724,Stressed
1326725,Stressed
1326726,Pests
1326727,Stressed
1326728,Pests
1331846,Healthy
1326734,Stressed
1331847,Stressed
1326735,Stressed
1326736,Healthy
1326737,Healthy
1326738,Diseased
1326739,Stressed
1326741,Stressed
1326752,Stressed
390522,Diseased
1326756,Stressed
1326757,Diseased
1326758,Stressed
1326759,Stressed
1326760,Stressed
1326761,Diseased
1326762,Stressed
1326765,Diseased
1326766,Diseased
1326767,Diseased
1326768,Diseased
1331849,Stressed
1326769,Diseased
1326770,Stressed
1326772,Diseased
1326777,Diseased
1326778,Pests
1326779,Diseased
1331850,Diseased
1326780,Diseased
1326781,Diseased
1326782,Stressed
1326783,Diseased
1326784,Diseased
1326785,Pests
1326789,Diseased
1331851,Diseased
1326790,Stressed
1326791,Healthy
1326792,Diseased
1326793,Diseased
1326794,Diseased
1326799,Diseased
1326800,Diseased
1326801,Diseased
1326802,Stressed
1331852,Diseased
1326803,Healthy
1326804,Diseased
1326805,Stressed
1326806,Pests
1326807,Diseased
1326808,Diseased
1326809,Healthy
1331853,Pests
1326810,Pests
1326811,Pests
1326812,Diseased
1326813,Pests
1331854,Diseased
1326856,Stressed
1326857,Stressed
1326858,Healthy
1326859,Stressed
1326860,Stressed
1326861,Stressed
1326862,Stressed
1326863,Diseased
1326864,Stressed
1326885,Healthy
1326886,Stressed
1326887,Pests
1326888,Diseased
1326889,Stressed
1326890,Diseased
1326908,Stressed
1326920,Diseased
1326921,Stressed
1326938,Stressed
1326939,Stressed
1326940,Diseased
1326941,Healthy
1331862,Pests
1327007,Healthy
1327008,Diseased
106862,Diseased
1327010,Pests
265391,Healthy
1327012,Diseased
1327013,Pests
1327014,Diseased
1331864,Stressed
1327015,Diseased
1327040,Diseased
1327041,Stressed
1327042,Stressed
1327043,Stressed
1327044,Diseased
162166,Stressed
1327046,Healthy
91718,Pests
1327048,Diseased
1327049,Pests
1327050,Stressed
1327051,Diseased
1327196,Stressed
1327197,Stressed
1327198,Stressed
1327199,Stressed
1327200,Stressed
1327201,Stressed
1327294,Pests
1327295,Pests
1327296,Pests
1327297,Pests
1327298,Pests
1327299,Healthy
1327300,Pests
1327301,Stressed
1327302,Pests
472943,Pests
1327304,Pests
1327305,Diseased
1327306,Diseased
1327307,Pests
1327308,Pests
1327309,Pests
1327310,Pests
1331881,Diseased
1327311,Pests
1327312,Pests
1327313,Pests
1327314,Pests
1327320,Healthy
1327321,Pests
1327322,Diseased
1327455,Pests
1327456,Pests
1327457,Stressed
1327458,Pests
1331890,Diseased
1327466,Pests
1327473,Pests
1327475,Pests
1327476,Stressed
1327477,Pests
1327478,Pests
1331892,Pests
1327479,Pests
1327489,Pests
1327490,Pests
1327491,Pests
1327492,Diseased
1331894,Pests
1327493,Pests
391244,Pests
1327535,Stressed
1327558,Healthy
1327559,Pests
1327561,Pests
1327562,Stressed
1327563,Stressed
1327564,Pests
1327565,Stressed
1327566,Stressed
1327579,Pests
1327580,Diseased
1331898,Pests
1327581,Pests
1327582,Stressed
1327583,Healthy
1327584,Diseased
1327585,Stressed
1327586,Diseased
1327587,Diseased
1327588,Stressed
1327589,Pests
1327590,Pests
384359,Pests
1327592,Healthy
1327593,Stressed
584695,Diseased
1327595,Healthy
1327596,Pests
1327597,Stressed
1327598,Stressed
1327599,Diseased
1327600,Diseased
1327750,Stressed
1327751,Healthy
1327752,Pests
1327753,Diseased
1327754,Stressed
1327927,Diseased
1327928,Healthy
1327929,Pests
1331927,Diseased
1327930,Diseased
1327931,Diseased
1327932,Pests
1327933,Diseased
1327934,Healthy
1327935,Stressed
1327936,Diseased
1327937,Diseased
1327938,Diseased
1327939,Diseased
1327940,Healthy
1327941,Diseased
1327942,Pests
1327943,Pests
1327944,Healthy
1327945,Diseased
1328085,Diseased
1328094,Healthy
1328095,Diseased
1328096,Diseased
1328097,Diseased
1328098,Diseased
830675,Pests
1328100,Diseased
1328101,Pests
1328102,Pests
1328103,Diseased
1328104,Diseased
1328136,Healthy
1331938,Diseased
1331941,Diseased
1328180,Healthy
1328181,Pests
1328182,Diseased
1328183,Healthy
1328184,Diseased
1328185,Healthy
1328186,Diseased
1328187,Diseased
1328188,Stressed
1328189,Diseased
1328190,Pests
1328191,Stressed
1328192,Diseased
1328193,Pests
1328194,Diseased
672220,Diseased
1328196,Diseased
1328197,Diseased
1328198,Pests
1328199,Diseased
1328200,Diseased
1328201,Diseased
1328202,Diseased
1328203,Diseased
1328204,Diseased
1328331,Pests
1328332,Healthy
1328333,Diseased
1328334,Diseased
1328335,Pests
1328336,Diseased
1328337,Diseased
1328338,Diseased
1328339,Diseased
1328340,Diseased
1328341,Diseased
1328342,Diseased
1331949,Diseased
1328343,Diseased
1328344,Diseased
1328345,Diseased
1328346,Diseased
1328347,Diseased
1328348,Diseased
1328349,Diseased
1328350,Pests
1331950,Diseased
1328354,Diseased
1328355,Diseased
1328356,Diseased
1328357,Diseased
47182,Diseased
1328358,Diseased
1328359,Diseased
1328360,Diseased
1328362,Diseased
1328364,Healthy
1328365,Diseased
1328366,Diseased
1328367,Diseased
1331952,Diseased
1328381,Diseased
1328382,Healthy
1328383,Diseased
1328410,Stressed
1328411,Diseased
1328412,Diseased
1328416,Diseased
1328442,Diseased
1328443,Diseased
1328444,Healthy
1328445,Diseased
1328446,Diseased
1328455,Healthy
1328456,Diseased
1328457,Diseased
1328458,Diseased
1331957,Diseased
1328459,Diseased
1331958,Pests
1328460,Diseased
1328461,Diseased
1331959,Diseased
1328464,Healthy
1328474,Healthy
1328475,Pests
1328476,Pests
1331961,Diseased
1328477,Healthy
1328490,Diseased
1328491,Diseased
1328492,Diseased
1328493,Stressed
1328494,Stressed
1328496,Diseased
1328497,Stressed
1328502,Diseased
1328537,Stressed
1328538,Pests
1328539,Pests
1328540,Diseased
1328541,Diseased
1328542,Diseased
1328543,Diseased
1328544,Diseased
1328545,Diseased
1328546,Pests
1328547,Diseased
1328548,Stressed
1328558,Pests
1328559,Stressed
1328560,Stressed
213855,Pests
1328562,Stressed
1328568,Diseased
1328569,Healthy
688070,Diseased
16877,Healthy
1328579,Diseased
1328580,Stressed
1328583,Diseased
1328584,Stressed
1328585,Diseased
1328586,Healthy
1328590,Pests
1328591,Diseased
1331965,Diseased
1328598,Diseased
1328600,Healthy
1328601,Stressed
1328626,Diseased
1328627,Pests
1328628,Healthy
1328631,Diseased
1328632,Stressed
1328633,Diseased
1328634,Stressed
1328635,Diseased
1328636,Diseased
1328637,Stressed
1328638,Stressed
1328639,Stressed
1328640,Diseased
1328651,Stressed
1328652,Healthy
1328653,Diseased
1328654,Diseased
1328655,Diseased
1328657,Stressed
1328659,Pests
1328660,Stressed
1328661,Stressed
1331967,Diseased
1328662,Diseased
1328663,Diseased
1328664,Healthy
1328665,Diseased
1328670,Pests
1328671,Healthy
1328683,Stressed
1328684,Diseased
1328708,Diseased
1328709,Diseased
1328710,Stressed
1328711,Diseased
1328712,Diseased
1328713,Diseased
1328714,Diseased
1328715,Diseased
1328716,Diseased
1328717,Pests
1328718,Diseased
1328723,Diseased
1328724,Pests
1328725,Diseased
1328726,Healthy
1328727,Healthy
1328728,Diseased
1328729,Diseased
1328730,Healthy
1328731,Healthy
1328732,Diseased
1328733,Diseased
1328744,Pests
1328745,Diseased
1331971,Stressed
1328746,Diseased
1328747,Pests
1328748,Diseased
1328749,Diseased
1328750,Diseased
945067,Stressed
1328752,Diseased
1328753,Diseased
1328754,Healthy
1328755,Pests
1328756,Diseased
1328757,Stressed
1328758,Diseased
612084,Diseased
1328760,Diseased
1328761,Stressed
1328762,Diseased
1328772,Healthy
1331972,Diseased
1328773,Diseased
1328774,Diseased
1328775,Diseased
1328776,Pests
1328777,Healthy
1328778,Diseased
1331973,Healthy
1328779,Healthy
1328780,Diseased
1328781,Pests
1328782,Diseased
1331974,Healthy
1328783,Diseased
1328784,Diseased
1331975,Healthy
1328785,Pests
1331980,Stressed
1331981,Healthy
1328862,Diseased
451892,Diseased
1328864,Healthy
1328865,Diseased
433500,Stressed
1328887,Pests
1328888,Healthy
1328889,Stressed
1328890,Diseased
1328897,Healthy
1328898,Stressed
1328903,Diseased
987048,Healthy
1328905,Pests
1328906,Healthy
1328907,Diseased
1328908,Diseased
1328909,Diseased
1328910,Pests
1328911,Diseased
1328912,Diseased
1328913,Diseased
1328914,Healthy
1328915,Healthy
1328916,Pests
1328917,Healthy
1328918,Healthy
1328919,Pests
1328932,Diseased
1329039,Stressed
1331984,Stressed
1329040,Diseased
1329041,Stressed
1329042,Stressed
1329046,Diseased
1329048,Pests
1329049,Stressed
1329050,Stressed
1329051,Stressed
1329052,Stressed
1329053,Stressed
1331990,Stressed
1329143,Stressed
1329153,Pests
1329154,Stressed
1329166,Healthy
1329167,Stressed
311155,Stressed
1329225,Stressed
800460,Stressed
1329317,Healthy
1329318,Stressed
1329319,Stressed
1329320,Stressed
1329321,Healthy
1329322,Stressed
1329323,Stressed
1329334,Diseased
1329335,Diseased
1329368,Stressed
1329369,Stressed
1329370,Stressed
1329371,Stressed
1329372,Stressed
1329413,Diseased
1332007,Diseased
1329414,Pests
1329415,Diseased
1329416,Stressed
1329417,Diseased
1329418,Healthy
1329419,Stressed
1329422,Diseased
1329423,Healthy
1329424,Diseased
1329430,Diseased
1329431,Diseased
1329432,Healthy
1329433,Diseased
1329434,Diseased
1329455,Diseased
1329456,Diseased
1329457,Diseased
1329459,Diseased
1329461,Pests
1329462,Healthy
1329463,Diseased
1329465,Diseased
1329468,Diseased
1329469,Pests
1329470,Diseased
1329471,Diseased
965633,Healthy
1329473,Stressed
1329474,Diseased
1329475,Diseased
1332016,Diseased
1329476,Healthy
1329477,Pests
1329478,Healthy
1329479,Diseased
1329529,Diseased
1329530,Diseased
1329651,Diseased
1329652,Diseased
1329654,Diseased
1332023,Diseased
1329673,Healthy
1329674,Pests
1329675,Diseased
1329676,Diseased
1329677,Diseased
1329678,Diseased
1329679,Diseased
1329680,Diseased
1329681,Diseased
1329682,Diseased
1329683,Diseased
1329684,Diseased
1329685,Diseased
1329686,Diseased
1329747,Diseased
1329748,Diseased
1329749,Diseased
1329750,Diseased
1329751,Pests
1329752,Diseased
1329753,Diseased
1329754,Diseased
1329755,Diseased
1329756,Diseased
1329757,Healthy
1329758,Diseased
1329759,Diseased
1329760,Diseased
1329761,Diseased
1329762,Diseased
1329763,Diseased
1332028,Diseased
1329765,Diseased
1329766,Diseased
405271,Stressed
1332029,Diseased
1329768,Diseased
1332030,Diseased
1329769,Diseased
367296,Diseased
1329778,Diseased
1329779,Diseased
1329780,Diseased
1329781,Diseased
1329782,Diseased
1329783,Diseased
1329784,Diseased
1332031,Diseased
1329785,Diseased
1329786,Diseased
1329787,Diseased
1329788,Diseased
1329789,Diseased
1329790,Diseased
1329791,Diseased
1329792,Diseased
1329793,Diseased
1329794,Diseased
1329812,Stressed
1329813,Healthy
1329814,Stressed
1329815,Stressed
1329816,Pests
1329830,Stressed
1332035,Stressed
1329831,Stressed
1329832,Stressed
1329833,Pests
1329834,Stressed
1329835,Diseased
1329836,Diseased
1329837,Diseased
1329838,Diseased
1329839,Pests
1329840,Stressed
1329841,Stressed
1329842,Diseased
1329843,Stressed
1329844,Stressed
1329845,Diseased
1329859,Stressed
1329860,Diseased
1329899,Stressed
1329917,Stressed
1329918,Pests
1329919,Diseased
1329920,Stressed
1329921,Diseased
1329922,Pests
320285,Stressed
1329924,Stressed
1329925,Diseased
1329926,Stressed
1329927,Diseased
1329928,Pests
1329929,Diseased
1329930,Pests
1329931,Diseased
1332043,Diseased
1329932,Healthy
1329933,Stressed
1329934,Healthy
1329935,Stressed
1329936,Stressed
1329937,Healthy
1329938,Stressed
1329939,Diseased
1329940,Stressed
1329941,Stressed
1329942,Stressed
1330086,Stressed
1330196,Stressed
1330623,Pests
1330624,Pests
1330625,Pests
1330626,Pests
201801,Pests
1330628,Pests
1330629,Pests
1330630,Stressed
1330631,Healthy
1330632,Pests
1330633,Pests
1330634,Stressed
1330635,Stressed
1330636,Healthy
1330637,Pests
1330694,Pests
1330695,Pests
1330714,Healthy
1332093,Healthy
1330715,Healthy
1330716,Pests
1330717,Pests
1330718,Pests
1330719,Pests
1330720,Pests
1330721,Pests
258558,Pests
1330723,Healthy
1330724,Pests
1330725,Pests
1330726,Pests
1330728,Pests
1330729,Stressed
1330730,Healthy
1330732,Pests
1330733,Pests
1330734,Pests
1330735,Pests
1330847,Stressed
1330848,Stressed
358782,Stressed
1330850,Diseased
1330851,Healthy
1330852,Diseased
1330853,Diseased
1330854,Diseased
1330855,Diseased
1330856,Pests
1330857,Diseased
1330858,Stressed
1330859,Healthy
947504,Healthy
1330861,Stressed
1330862,Stressed
1330863,Healthy
1330864,Diseased
1330865,Diseased
1330866,Stressed
1330867,Stressed
1330868,Healthy
1330869,Healthy
1330870,Healthy
1330871,Pests
1330872,Diseased
1330873,Diseased
1330874,Diseased
1330875,Healthy
1330876,Diseased
1330877,Diseased
1330878,Stressed
1332101,Diseased
803427,Diseased
1330880,Diseased
1330881,Pests
1330882,Pests
389103,Pests
1330884,Pests
1330885,Pests
1330886,Healthy
1330887,Diseased
1330888,Pests
1330889,Healthy
1330890,Diseased
1330891,Diseased
1332102,Pests
1330892,Diseased
1330893,Diseased
1330894,Healthy
1330895,Healthy
1330896,Pests
1330897,Healthy
1330898,Pests
1330899,Healthy
1330900,Stressed
1330901,Pests
1330902,Healthy
1330903,Diseased
1330904,Diseased
1332103,Diseased
1330905,Stressed
1330906,Pests
1331035,Healthy
1331037,Diseased
1331041,Diseased
1331043,Pests
737986,Diseased
1331045,Healthy
1331046,Stressed
1331047,Diseased
1331048,Diseased
1331049,Pests
1331050,Healthy
848186,Stressed
1331052,Stressed
1331053,Pests
1331054,Diseased
1331055,Diseased
1331056,Stressed
1331057,Diseased
1331058,Healthy
1331059,Pests
1331060,Diseased
1331061,Diseased
1331062,Pests
1331063,Diseased
1331064,Diseased
1331065,Diseased
1331066,Diseased
1331067,Stressed
1331068,Diseased
1331069,Diseased
1331070,Diseased
1331071,Diseased
1331072,Diseased
1331073,Healthy
1331074,Diseased
1331075,Pests
1331076,Pests
1331077,Pests
1331078,Pests
1331079,Healthy
1331080,Stressed
1331081,Diseased
1331082,Pests
1331083,Diseased
1331084,Diseased
1331085,Diseased
1331086,Healthy
1331090,Diseased
1331100,Diseased
1331102,Stressed
1331103,Pests
1331104,Diseased
1331105,Diseased
1331106,Diseased
1331107,Diseased
1331108,Pests
1331109,Diseased
1331110,Diseased
1331111,Diseased
1331112,Diseased
1331113,Diseased
1331114,Diseased
460899,Stressed
602237,Stressed
1331117,Healthy
1331118,Diseased
1331119,Stressed
1331120,Diseased
1331121,Diseased
1331122,Healthy
1331123,Pests
1331124,Diseased
1331125,Healthy
1331126,Healthy
1332110,Diseased
1331127,Stressed
1331128,Healthy
1331129,Stressed
1331130,Pests
1331131,Diseased
1331132,Healthy
1331133,Stressed
1331134,Diseased
1331135,Diseased
1331136,Pests
1331137,Pests
1331138,Stressed
1331139,Diseased
1331199,Pests
1331200,Diseased
1332116,Healthy
1331201,Diseased
1331202,Stressed
1331203,Stressed
1331204,Healthy
1331208,Diseased
1331209,Diseased
1331210,Diseased
1331213,Stressed
1331214,Diseased
1331229,Stressed
1331230,Diseased
1331231,Diseased
1331232,Diseased
1331233,Healthy
1331234,Pests
1331235,Diseased
500837,Diseased
1331259,Diseased
1331266,Diseased
1331267,Healthy
1331271,Pests
1331298,Pests
1331309,Pests
1331388,Pests
1331390,Diseased
1331391,Pests
1331392,Pests
1331393,Pests
1331394,Diseased
1331395,Pests
1332128,Pests
1331396,Pests
1332129,Pests
1331397,Pests
1331398,Pests
1331399,Pests
1331400,Healthy
1331401,Healthy
1331402,Pests
1331403,Pests
1332130,Pests
1331404,Pests
1331405,Pests
1331406,Pests
1331407,Pests
1331408,Pests
404742,Pests
1331410,Pests
1331411,Pests
1331412,Healthy
1332131,Pests
1331413,Pests
1331414,Pests
1331415,Pests
1331416,Pests
1331417,Pests
1331418,Stressed
1331419,Pests
1331420,Stressed
1331421,Pests
1331422,Pests
1331423,Pests
1332132,Diseased
1331424,Pests
1331425,Pests
1331426,Pests
1331427,Pests
1331428,Pests
1331429,Pests
1331430,Pests
1331431,Pests
1331432,Pests
1331433,Pests
1331434,Stressed
1331435,Pests
1331436,Pests
1331437,Pests
1331438,Pests
1331439,Healthy
1331440,Stressed
1331469,Pests
1331470,Pests
1331471,Pests
1331472,Pests
1331473,Pests
1331474,Pests
1331475,Stressed
1331476,Pests
1331478,Healthy
1331479,Pests
1331480,Stressed
1331481,Pests
1331482,Pests
1331483,Pests
1331484,Pests
1331485,Pests
1331486,Diseased
1331487,Pests
1331488,Pests
1331489,Pests
1331490,Stressed
1331491,Pests
1331492,Pests
1331493,Stressed
1331494,Stressed
1331495,Pests
1331496,Diseased
1332136,Pests
1331497,Healthy
1331498,Pests
1331499,Pests
1331500,Pests
1331501,Pests
1331502,Pests
1331503,Stressed
1331504,Pests
1331512,Diseased
1331515,Pests
1331516,Diseased
1331517,Pests
1331518,Pests
1331519,Diseased
1331520,Pests
1331521,Pests
1332137,Pests
1331522,Pests
1331523,Pests
1331532,Pests
1331540,Pests
1331541,Pests
1331542,Diseased
1331567,Stressed
1331577,Pests
1331578,Pests
1331579,Healthy
1332141,Healthy
1331580,Pests
1331581,Diseased
1331582,Diseased
1331583,Healthy
1331584,Stressed
1331593,Diseased
1332142,Pests
1331594,Diseased
1331595,Pests
1331596,Pests
1331597,Stressed
1331598,Pests
1331599,Pests
1331600,Diseased
1331601,Pests
1331611,Pests
1331656,Pests
1331664,Pests
1331665,Pests
1331666,Pests
1331667,Pests
1331668,Pests
1331669,Healthy
1331670,Pests
1331759,Pests
1331760,Pests
1331761,Pests
1331762,Pests
1331763,Pests
1331764,Pests
1331765,Pests
1331766,Pests
1331823,Pests
1314574,Diseased
1314563,Diseased
1314559,Diseased
1314557,Diseased
1314568,Healthy
1314560,Diseased
1314564,Diseased
1314595,Diseased
1314597,Diseased
1314558,Diseased
1314566,Diseased
1314573,Diseased
1314565,Diseased
1317405,Stressed
1317486,Pests
1317413,Pests
1317511,Pests
1317491,Pests
1317496,Healthy
1317572,Diseased
1317446,Pests
1317441,Pests
1317566,Pests
1317574,Healthy
1317443,Diseased
1317569,Healthy
1317568,Diseased
1317571,Diseased
1317435,Stressed
1317500,Healthy
1317565,Diseased
1317612,Healthy
1317472,Pests
1317490,Healthy
1317419,Pests
1317609,Diseased
1317418,Pests
1317414,Healthy
1317509,Diseased
1317499,Healthy
1317448,Healthy
1317430,Stressed
1317552,Diseased
1317483,Healthy
1317444,Healthy
1317429,Pests
1317581,Diseased
1317573,Diseased
1317482,Healthy
1317426,Pests
1317507,Healthy
1317611,Diseased
1317505,Pests
1317607,Diseased
1317424,Stressed
1317504,Pests
1317425,Healthy
1317576,Diseased
1317578,Pests
67943,Healthy
1317479,Stressed
1317570,Diseased
1317577,Diseased
1317434,Pests
1317613,Diseased
1317423,Stressed
1317475,Pests
1317549,Diseased
1317610,Diseased
1317567,Diseased
1317478,Healthy
1317406,Healthy
1317495,Pests
1314509,Pests
1314440,Stressed
1314469,Healthy
1314503,Healthy
1314528,Diseased
1314425,Pests
1314513,Diseased
1314479,Diseased
1314475,Diseased
1314455,Stressed
1314491,Pests
1314524,Pests
1314514,Pests
1314519,Stressed
1314532,Stressed
1314470,Pests
828123,Pests
1314480,Diseased
1314489,Healthy
1314430,Pests
1314472,Diseased
1314518,Pests
1314496,Diseased
1314530,Healthy
1314508,Pests
1314535,Stressed
1314507,Pests
1314517,Diseased
1314501,Diseased
1314468,Diseased
1314511,Healthy
1314521,Pests
1314421,Pests
1314495,Healthy
1314522,Diseased
1314476,Diseased
1314492,Diseased
1314520,Healthy
1314467,Diseased
1314487,Diseased
1314531,Pests
1314423,Pests
1314516,Pests
1314418,Healthy
1314498,Pests
1314512,Pests
1314493,Diseased
1314500,Diseased
1314431,Healthy
1314473,Diseased
1314529,Diseased
1314436,Healthy
1314534,Pests
1314494,Diseased
1314442,Stressed
1314504,Stressed
1314526,Stressed
1314527,Diseased
1314533,Diseased
1298050,Stressed
1298055,Healthy
1298039,Healthy
1298053,Healthy
1298042,Healthy
1298034,Healthy
1297462,Stressed
1297290,Stressed
1297716,Stressed
1297690,Healthy
1297675,Healthy
1297713,Healthy
1297725,Stressed
1297707,Healthy
736439,Stressed
1297884,Healthy
1297882,Stressed
1297880,Healthy
1297881,Healthy
1297887,Healthy
401799,Stressed
1297941,Stressed
1297940,Healthy
1298080,Healthy
1298115,Diseased
1298157,Healthy
1298058,Healthy
1298114,Healthy
1298145,Stressed
1298061,Stressed
1298118,Pests
1298125,Stressed
1298101,Pests
1298116,Healthy
1298059,Healthy
1298158,Diseased
1298167,Healthy
1298146,Healthy
1298117,Healthy
1298064,Healthy
1298169,Healthy
67121,Healthy
869633,Healthy
1298130,Stressed
1298069,Healthy
1298159,Healthy
1298156,Healthy
1298126,Pests
1298122,Healthy
1298147,Stressed
1298120,Stressed
1298075,Healthy
1298119,Healthy
1298123,Stressed
1298132,Stressed
47343,Stressed
1298150,Healthy
1298131,Healthy
1298089,Stressed
1298389,Pests
1298384,Healthy
1298381,Healthy
1298396,Healthy
1298417,Healthy
1298423,Healthy
1304566,Pests
1304693,Healthy
1304698,Healthy
1304694,Healthy
1304726,Healthy
1304720,Healthy
1304728,Healthy
1304731,Healthy
1304723,Healthy
1304737,Healthy
1305426,Healthy
1305425,Healthy
1305424,Healthy
1305465,Healthy
1305461,Stressed
1305467,Healthy
1305603,Stressed
1305559,Healthy
1305552,Healthy
1305550,Healthy
1305558,Stressed
1305541,Healthy
1305551,Stressed
1305554,Stressed
1305539,Healthy
1305606,Stressed
1305543,Healthy
1305544,Stressed
1305540,Healthy
1305548,Healthy
1305556,Pests
1305549,Stressed
1305608,Healthy
755448,Stressed
1307117,Stressed
1307321,Healthy
1307120,Healthy
1307488,Stressed
1307124,Healthy
1307434,Stressed
1307081,Healthy
1307474,Stressed
1307484,Stressed
1307503,Healthy
1307118,Healthy
1307187,Stressed
1307466,Healthy
1307212,Healthy
1307491,Stressed
1307480,Healthy
1307371,Pests
1307182,Stressed
1307507,Pests
1307189,Stressed
1307320,Pests
1307506,Healthy
1307219,Healthy
1307332,Healthy
1307130,Pests
1307114,Healthy
1307072,Stressed
1307156,Pests
1307265,Healthy
1307329,Diseased
1307450,Pests
1307366,Stressed
1307181,Pests
1307186,Healthy
1307432,Stressed
1307486,Pests
1307229,Healthy
1307490,Healthy
1307214,Healthy
1307505,Pests
1307082,Stressed
1307093,Stressed
1307179,Healthy
1307447,Healthy
1307501,Pests
1307260,Stressed
1307495,Healthy
1307232,Pests
1307096,Healthy
1307263,Stressed
1307362,Pests
1307516,Pests
1307121,Healthy
1307163,Healthy
1307123,Pests
1307127,Healthy
1307158,Healthy
1307357,Pests
1307437,Healthy
1307097,Healthy
1307472,Stressed
1307493,Pests
1307128,Stressed
1307267,Stressed
1307122,Stressed
1307228,Healthy
1307074,Healthy
1307085,Healthy
1307208,Healthy
1307126,Stressed
1307504,Stressed
1307377,Stressed
1307483,Healthy
542928,Pests
1307494,Stressed
1307269,Healthy
1307184,Pests
1307336,Healthy
1307340,Healthy
1307125,Stressed
1307498,Healthy
1307502,Healthy
1307077,Stressed
1307092,Healthy
1307095,Stressed
1307116,Stressed
1307262,Healthy
1307239,Stressed
1307322,Healthy
1307459,Stressed
1307215,Pests
1307236,Stressed
1307478,Healthy
1307367,Pests
1307479,Healthy
810963,Stressed
1307331,Stressed
1307129,Stressed
1307325,Stressed
1307324,Stressed
1307496,Pests
1307485,Stressed
1307487,Pests
1307499,Healthy
1307343,Healthy
1305706,Stressed
1305725,Diseased
1305708,Diseased
1320838,Stressed
1305719,Healthy
1305716,Healthy
1305727,Stressed
568023,Stressed
1305736,Stressed
1305717,Stressed
1305712,Stressed
1305732,Pests
1305714,Healthy
1305722,Healthy
1305710,Diseased
1305729,Stressed
1307587,Healthy
1307740,Healthy
1307750,Stressed
1307752,Stressed
1307751,Pests
1307747,Healthy
1307802,Healthy
1307760,Healthy
1307761,Healthy
1307798,Stressed
1307753,Stressed
1307758,Healthy
1307801,Stressed
1307803,Healthy
1307762,Healthy
256971,Healthy
1307759,Healthy
1307800,Pests
1307794,Stressed
1307797,Healthy
1307757,Healthy
1307805,Stressed
1307749,Healthy
1307806,Healthy
1307892,Stressed
1307914,Pests
1307882,Stressed
1307916,Stressed
1307888,Healthy
1307883,Stressed
753499,Stressed
1307898,Pests
1307905,Stressed
1307900,Stressed
1307913,Pests
1307918,Healthy
1307889,Pests
1313687,Healthy
1313684,Diseased
37765,Healthy
1313667,Healthy
1313676,Pests
1313688,Pests
1313690,Healthy
1313692,Healthy
1313680,Stressed
1313682,Pests
1313822,Healthy
1313828,Healthy
1313817,Healthy
1313832,Pests
1313833,Stressed
1313816,Stressed
1313835,Healthy
1313819,Stressed
1313830,Healthy
1313834,Healthy
1313831,Healthy
1313983,Stressed
1314003,Pests
1314020,Pests
1314078,Pests
1314176,Pests
1314091,Pests
1314126,Healthy
1314121,Stressed
1314142,Healthy
1314214,Pests
1314160,Stressed
1314165,Pests
1314203,Stressed
1314205,Pests
1314001,Diseased
1314072,Healthy
1314170,Pests
1314063,Healthy
1314116,Pests
1314204,Healthy
1314100,Pests
1314021,Healthy
1314112,Healthy
1313977,Healthy
1314034,Stressed
1314200,Healthy
1313994,Pests
321190,Healthy
1314187,Healthy
1314101,Healthy
1314166,Healthy
1314175,Pests
1314139,Healthy
1314092,Healthy
1314094,Stressed
1313976,Pests
1314143,Healthy
1314172,Stressed
1314074,Pests
1314118,Healthy
1314146,Healthy
1314215,Pests
1313981,Healthy
1314014,Healthy
1314124,Healthy
1313967,Healthy
1314032,Healthy
1314102,Healthy
1314129,Pests
1313990,Pests
1314120,Healthy
1314136,Healthy
1314019,Pests
1314017,Stressed
1314117,Healthy
1314194,Pests
1314119,Stressed
1314206,Pests
1314153,Pests
1313992,Pests
1314038,Healthy
1314090,Healthy
1314181,Pests
1314035,Healthy
1314089,Pests
1314192,Pests
1314103,Healthy
1314201,Healthy
1314144,Pests
1314171,Pests
1314029,Pests
1314147,Healthy
1313995,Pests
1314043,Healthy
1314169,Stressed
1314145,Healthy
1313997,Healthy
1314065,Stressed
1314010,Stressed
1314185,Healthy
1314086,Healthy
1314041,Healthy
1314114,Healthy
1314177,Stressed
1314042,Healthy
1314060,Healthy
1314069,Diseased
1314156,Stressed
1314127,Stressed
1314216,Healthy
1314115,Healthy
1314163,Stressed
1314009,Pests
1314154,Stressed
1314209,Stressed
1314015,Pests
1314064,Pests
1314158,Healthy
1314028,Healthy
1314133,Healthy
1314198,Healthy
1314044,Pests
1314135,Pests
1314082,Stressed
1314132,Healthy
1314006,Healthy
1314018,Healthy
1314106,Pests
1314173,Healthy
1314033,Pests
1314113,Diseased
1314196,Pests
1314088,Pests
930110,Healthy
565960,Healthy
1314128,Pests
1314131,Pests
1314068,Pests
1314076,Diseased
1314197,Stressed
1314207,Stressed
1314084,Healthy
1314109,Healthy
1314005,Healthy
1314157,Healthy
1314210,Healthy
1314004,Healthy
156190,Healthy
1314122,Healthy
1314096,Pests
1314191,Healthy
1314212,Healthy
1314110,Healthy
1314098,Pests
1314137,Healthy
1314140,Healthy
1313972,Pests
1314079,Healthy
1314213,Pests
1314055,Pests
1314073,Healthy
1314011,Stressed
55427,Healthy
1314030,Stressed
1314168,Pests
1314031,Pests
1314130,Healthy
1314189,Pests
1314008,Stressed
1314125,Healthy
1314134,Pests
1314159,Pests
1314161,Stressed
1314188,Stressed
1314162,Healthy
1314202,Healthy
1314022,Stressed
1314208,Healthy
1314083,Healthy
1314104,Healthy
1314105,Stressed
1314045,Stressed
1314193,Pests
1314085,Stressed
1314097,Healthy
1314123,Healthy
1314298,Healthy
1314373,Stressed
1314302,Healthy
1314337,Healthy
1314372,Pests
1314285,Healthy
1314275,Pests
1314290,Healthy
1314370,Healthy
1314304,Stressed
1314331,Pests
1314349,Healthy
1314377,Pests
1314394,Stressed
1314301,Pests
1314278,Pests
1314336,Stressed
1314378,Healthy
783836,Healthy
1314360,Stressed
1314316,Stressed
1314341,Pests
1314308,Healthy
1314397,Pests
1314369,Pests
1314321,Stressed
1314338,Healthy
1314328,Stressed
1314375,Healthy
1314398,Healthy
1314300,Healthy
1314357,Stressed
1314276,Healthy
1314352,Healthy
1314292,Healthy
1314280,Healthy
1314315,Healthy
1314393,Healthy
1314391,Stressed
1314333,Pests
1314379,Healthy
1314345,Pests
1314351,Healthy
1314363,Healthy
1314401,Healthy
1314361,Stressed
1314332,Pests
1314274,Stressed
1314359,Healthy
1314368,Diseased
1314286,Stressed
1314347,Healthy
1314350,Healthy
1314284,Healthy
1314283,Healthy
1314314,Healthy
1314296,Healthy
1314277,Stressed
1314309,Stressed
1314320,Healthy
1314371,Healthy
1314306,Stressed
666956,Stressed
177495,Stressed
1314289,Healthy
1314273,Stressed
1314326,Healthy
1314353,Pests
1314279,Healthy
1314348,Diseased
1314324,Healthy
1314325,Pests
1314344,Stressed
1314362,Healthy
1314346,Healthy
1314356,Healthy
1314327,Healthy
1314319,Healthy
1314395,Pests
1314294,Healthy
1314335,Healthy
1314303,Stressed
1314367,Pests
1314287,Healthy
1314386,Healthy
1314334,Healthy
1314339,Stressed
1314343,Pests
1314366,Pests
1314305,Diseased
1314384,Stressed
1314311,Healthy
1314293,Stressed
1314295,Pests
1314396,Stressed
1314322,Healthy
1314358,Healthy
1314323,Stressed
1314281,Pests
1314318,Pests
1317777,Diseased
1317781,Diseased
1317778,Diseased
1317796,Diseased
1317792,Diseased
1317794,Diseased
1317791,Diseased
1317786,Healthy
1317761,Diseased
1317797,Healthy
1317903,Pests
1317909,Diseased
1317893,Diseased
1317886,Stressed
1317884,Stressed
1317878,Healthy
1317889,Pests
1317842,Diseased
1317907,Diseased
1317905,Diseased
166929,Healthy
1317843,Diseased
1317882,Healthy
1317900,Pests
1317904,Diseased
1318136,Diseased
1318105,Diseased
1318112,Diseased
1318028,Diseased
1318141,Diseased
1318012,Stressed
1318099,Pests
1318100,Diseased
1318108,Diseased
1318101,Pests
1318138,Diseased
1318080,Pests
1318185,Stressed
1318079,Diseased
1317997,Diseased
1318082,Diseased
1318172,Pests
1317988,Pests
1318010,Healthy
1318190,Pests
1318139,Pests
1318117,Pests
1318007,Diseased
1318009,Diseased
1318204,Pests
1318182,Diseased
1318005,Diseased
1318127,Diseased
1318169,Diseased
1318103,Diseased
1318128,Healthy
1318199,Stressed
1318212,Diseased
1318097,Diseased
1318074,Stressed
1318078,Pests
1318144,Diseased
1318037,Diseased
1318140,Healthy
1318071,Pests
1318205,Diseased
1318187,Pests
1318211,Stressed
1318017,Diseased
1318149,Pests
1318131,Pests
1318203,Pests
1318179,Diseased
1318020,Diseased
338877,Pests
1318132,Diseased
1318133,Diseased
1318137,Diseased
1318200,Diseased
1318027,Diseased
1318202,Diseased
1318143,Diseased
1318175,Diseased
1318189,Pests
1318022,Healthy
1318019,Diseased
1318245,Diseased
1318243,Pests
1318238,Pests
1318297,Pests
1318249,Pests
1318307,Pests
1318303,Pests
1318244,Pests
1318246,Pests
1318248,Stressed
1318296,Healthy
1318242,Pests
1318258,Pests
1318247,Diseased
1318236,Diseased
1318378,Diseased
1318358,Diseased
1318364,Healthy
1318388,Pests
1318333,Diseased
1318359,Diseased
1318366,Diseased
1318340,Diseased
1318376,Diseased
1318337,Diseased
1318369,Diseased
1318341,Stressed
1318360,Diseased
1318331,Diseased
1318377,Diseased
1318355,Diseased
1318389,Diseased
1318339,Diseased
1318350,Healthy
1318373,Diseased
1318371,Diseased
1318375,Diseased
1318680,Pests
1318642,Pests
1318612,Pests
1318678,Pests
1318399,Pests
1318607,Pests
1318670,Stressed
1318633,Pests
1318656,Pests
1318675,Pests
1318672,Pests
1318452,Pests
1318644,Healthy
1318662,Pests
1318476,Pests
1318630,Pests
1318664,Pests
1318410,Pests
1318420,Pests
1318406,Pests
1318449,Stressed
1318627,Healthy
1318442,Pests
1318469,Pests
1318391,Pests
1318474,Diseased
1318511,Pests
1318658,Healthy
1318669,Pests
1318472,Pests
1318671,Pests
1318661,Pests
1318659,Pests
1318683,Pests
1318619,Healthy
1318396,Diseased
1318401,Stressed
812324,Stressed
1318617,Pests
1318392,Pests
1318512,Diseased
1318610,Healthy
1318635,Pests
1318457,Pests
1318398,Healthy
1318395,Pests
1318666,Stressed
1318625,Pests
1318623,Healthy
1318614,Pests
1318436,Pests
316131,Stressed
1318463,Pests
1318608,Pests
383207,Pests
1318665,Diseased
1318444,Healthy
1318445,Pests
1318697,Stressed
1318705,Pests
1318759,Pests
1318743,Pests
1318753,Healthy
1318698,Stressed
1318769,Pests
1318688,Pests
1318739,Pests
1318755,Pests
1318746,Pests
1318716,Pests
1318762,Pests
1318747,Pests
1318702,Pests
1318775,Pests
1318717,Pests
1318695,Pests
1318711,Pests
1318750,Pests
1318772,Stressed
1318719,Pests
1318773,Pests
1318707,Diseased
1318690,Diseased
1318709,Pests
1318770,Pests
73954,Healthy
1318771,Stressed
1318766,Pests
1318723,Healthy
1318699,Pests
1318973,Healthy
1318889,Stressed
1318982,Healthy
1318960,Pests
1318958,Pests
1318969,Pests
1318961,Stressed
1318979,Pests
1318914,Stressed
1318970,Pests
1318924,Pests
1318968,Healthy
1318874,Stressed
158039,Pests
1318978,Pests
1318911,Pests
1318967,Healthy
1318980,Stressed
1318907,Healthy
1318936,Stressed
1318964,Pests
1318903,Pests
1318976,Pests
1318883,Pests
1318871,Pests
1319011,Diseased
1319012,Diseased
1319005,Diseased
591926,Diseased
1319022,Diseased
1319019,Diseased
1318997,Healthy
1319032,Healthy
1319016,Diseased
1318999,Diseased
1319008,Diseased
1319071,Diseased
1319268,Pests
1319132,Diseased
1319266,Pests
1319263,Pests
1319256,Pests
1319153,Diseased
1319267,Healthy
1319069,Diseased
1319073,Diseased
1319136,Healthy
1319150,Diseased
1319128,Pests
1319134,Diseased
178331,Pests
619756,Healthy
1319141,Stressed
1319259,Pests
1319148,Pests
1319147,Pests
1319261,Pests
1319301,Pests
1319302,Pests
278674,Pests
1319308,Pests
1319311,Healthy
1319314,Pests
1319315,Pests
1319317,Pests
1319320,Pests
1319326,Pests
1319327,Pests
1319338,Healthy
1319339,Pests
1319340,Pests
1319341,Healthy
1319345,Pests
1319348,Pests
1319353,Pests
1319362,Pests
1319364,Healthy
1319366,Healthy
1319369,Pests
1319372,Pests
1319375,Healthy
1319379,Pests
1319380,Pests
1319384,Healthy
1319385,Stressed
1319390,Healthy
1319393,Pests
1319395,Stressed
1319400,Pests
1319401,Pests
56263,Pests
1319406,Stressed
1319414,Pests
1319415,Pests
1319416,Pests
1319432,Pests
1319435,Diseased
1319441,Diseased
1319443,Diseased
1319445,Diseased
1319446,Diseased
1319447,Diseased
1319449,Diseased
1319450,Diseased
1319452,Stressed
1319453,Stressed
1319458,Stressed
1319460,Pests
1319461,Pests
1319462,Healthy
1319466,Diseased
1319467,Diseased
1323379,Pests
109153,Pests
1323381,Pests
1323382,Pests
1323383,Diseased
1323384,Diseased
1323386,Pests
1323387,Diseased
1323389,Pests
1323391,Pests
459331,Diseased
1323396,Pests
1323398,Diseased
1323400,Healthy
1323401,Diseased
1323403,Stressed
1323406,Diseased
1323407,Stressed
1323408,Healthy
1323409,Stressed
1323410,Pests
1323412,Stressed
1323413,Pests
1323414,Pests
1323415,Stressed
1323416,Diseased
1323417,Pests
1323418,Diseased
1323419,Stressed
1323420,Diseased
1323421,Pests
1323422,Pests
1323424,Pests
1323427,Diseased
1323485,Healthy
1323492,Diseased
1323493,Diseased
1323501,Diseased
1323506,Healthy
1323507,Pests
1323514,Healthy
1323515,Healthy
1323518,Diseased
1323519,Healthy
1323520,Diseased
1323521,Diseased
1323524,Pests
1323525,Diseased
1323529,Diseased
1323532,Diseased
1323543,Diseased
1323545,Diseased
1323547,Diseased
1323549,Diseased
1323550,Diseased
1323552,Stressed
1323554,Diseased
1323555,Healthy
1323556,Diseased
1323571,Healthy
1323573,Pests
1323575,Diseased
860070,Pests
1323579,Diseased
1323581,Diseased
1323583,Diseased
1323584,Diseased
1323591,Diseased
1323592,Diseased
1323594,Diseased
1323595,Diseased
1323598,Healthy
1323600,Diseased
1323603,Diseased
1323605,Diseased
1323636,Diseased
1323638,Diseased
1323642,Diseased
1323643,Diseased
1322915,Healthy
1322962,Stressed
1322964,Pests
1322967,Healthy
1322970,Pests
60548,Pests
1322976,Pests
1322982,Pests
1322984,Healthy
1322988,Pests
1322990,Stressed
1322991,Pests
1323011,Pests
1323016,Pests
1323017,Pests
1323018,Pests
702282,Pests
1323021,Healthy
1323024,Healthy
1323025,Stressed
1323026,Pests
1323029,Pests
1323030,Stressed
1323031,Stressed
1323032,Stressed
1323035,Pests
1323036,Stressed
1323038,Stressed
1323039,Stressed
1323045,Pests
1323046,Pests
1319841,Pests
1319845,Pests
1319852,Healthy
1319861,Stressed
1319877,Healthy
1317562,Diseased
1317575,Diseased
1297475,Healthy
1297660,Diseased
1298418,Stressed
1304692,Healthy
1304733,Healthy
1305470,Healthy
1307183,Stressed
1307103,Healthy
1314182,Pests
1314179,Healthy
1317804,Stressed
1317800,Healthy
1317892,Pests
1319456,Stressed
1319457,Stressed
1319459,Stressed
1320988,Diseased
1320994,Pests
1321001,Healthy
44423,Stressed
1321003,Diseased
1321004,Healthy
1321006,Diseased
1321007,Diseased
1321008,Healthy
1321009,Diseased
1321010,Healthy
1321013,Diseased
1321014,Healthy
1321015,Pests
1321016,Pests
1321018,Healthy
1321019,Diseased
1321038,Pests
1321039,Diseased
472677,Pests
1321043,Healthy
1321044,Healthy
1321045,Diseased
1321046,Stressed
1321047,Diseased
1321048,Stressed
1321051,Diseased
1321053,Diseased
1321057,Pests
1321060,Pests
1321062,Stressed
1321063,Stressed
606460,Stressed
1321066,Diseased
1321069,Diseased
1321072,Diseased
1321073,Diseased
1321075,Diseased
1321076,Healthy
1321098,Diseased
1321099,Diseased
1321102,Diseased
1321103,Pests
1321106,Stressed
1321110,Stressed
1321111,Diseased
1321116,Stressed
1321118,Diseased
1321119,Diseased
1321127,Diseased
1321128,Stressed
1321132,Diseased
1321133,Healthy
1321136,Diseased
1321141,Pests
1321143,Diseased
1321146,Diseased
1321147,Diseased
812111,Diseased
1321154,Diseased
1321157,Stressed
1321159,Stressed
1321211,Diseased
1321213,Diseased
1321216,Stressed
79506,Diseased
1321221,Pests
1321228,Diseased
1321236,Diseased
1321243,Healthy
494691,Diseased
1321253,Diseased
1321255,Pests
1321258,Pests
1321261,Diseased
1321262,Diseased
1321272,Pests
1321282,Pests
1321285,Pests
1321287,Pests
1321291,Diseased
1321292,Diseased
1321294,Diseased
1321297,Pests
1321298,Pests
1321299,Pests
1321303,Diseased
1321314,Stressed
1321327,Pests
1321334,Stressed
1321339,Pests
444242,Healthy
1321347,Pests
1297628,Pests
1321352,Diseased
1321353,Pests
1321354,Pests
1321355,Pests
1321356,Healthy
1321357,Pests
1321360,Pests
1321363,Pests
1321367,Healthy
1321371,Diseased
1321373,Pests
1321377,Pests
1321378,Diseased
1321380,Stressed
1321383,Pests
1321384,Diseased
1321385,Diseased
1321388,Pests
1321392,Healthy
43469,Stressed
1321397,Stressed
1321403,Diseased
1321406,Stressed
1321418,Healthy
1321419,Pests
1321421,Pests
1321426,Pests
1321428,Healthy
1321429,Pests
1321430,Stressed
1321431,Pests
1321433,Healthy
1321435,Diseased
1321436,Diseased
1321437,Pests
1321438,Pests
1321439,Pests
1321440,Diseased
1321441,Pests
1321444,Diseased
1321445,Pests
1321446,Healthy
1321447,Pests
110889,Diseased
1321450,Diseased
1321457,Pests
1321462,Stressed
1321474,Pests
1321481,Pests
1321482,Healthy
1321486,Pests
1321489,Diseased
1321490,Diseased
1321493,Diseased
1321494,Pests
1321498,Pests
1321499,Healthy
1321500,Diseased
1321509,Pests
1321515,Pests
1321516,Diseased
1321518,Diseased
1321527,Pests
691941,Diseased
1321534,Diseased
1321535,Healthy
1321543,Pests
1321544,Diseased
1321545,Diseased
1321546,Diseased
519970,Pests
1321551,Diseased
1321556,Diseased
1321558,Pests
1321560,Stressed
1321561,Pests
1321562,Pests
1321565,Diseased
1321566,Diseased
1321567,Diseased
1321568,Diseased
1321570,Pests
1321571,Diseased
1321574,Diseased
1321581,Diseased
1321582,Pests
1321583,Diseased
1321593,Pests
1321594,Pests
1321595,Pests
1321596,Pests
1321597,Pests
1321598,Pests
1321601,Stressed
1321604,Pests
1321606,Pests
1321609,Pests
1321611,Pests
1321613,Pests
1321615,Diseased
1321617,Pests
1321619,Pests
1321620,Diseased
1321621,Diseased
1321622,Pests
1321623,Pests
1321624,Pests
1321625,Stressed
1321626,Diseased
1321627,Pests
1321628,Diseased
1321629,Pests
1321630,Pests
1321631,Diseased
1321632,Diseased
1321633,Pests
1321646,Pests
1321649,Pests
1321653,Pests
1321655,Diseased
1321659,Pests
1321663,Pests
1321665,Pests
1321669,Pests
1321674,Pests
1321678,Diseased
1321680,Diseased
883931,Diseased
1321683,Pests
1321684,Healthy
1321685,Diseased
1321686,Stressed
1321687,Stressed
1321688,Diseased
1321689,Diseased
1321690,Pests
1321691,Pests
1321692,Diseased
1321693,Diseased
1321694,Stressed
1321696,Pests
1321697,Healthy
1321703,Healthy
1321706,Stressed
1321709,Healthy
1321710,Pests
1321711,Pests
1321713,Diseased
1321714,Pests
1321715,Pests
1321716,Diseased
1322055,Healthy
1322059,Pests
1322061,Diseased
1322062,Stressed
1322063,Stressed
1322064,Diseased
1322065,Diseased
1322069,Pests
1322073,Diseased
1322078,Healthy
1322082,Diseased
1322085,Diseased
1322091,Pests
1322355,Diseased
1322358,Diseased
1322364,Diseased
1322366,Diseased
1322371,Diseased
1322375,Pests
1322378,Diseased
1322381,Healthy
1322384,Pests
1322394,Pests
1322396,Diseased
1322398,Diseased
1322461,Healthy
1322464,Healthy
1322466,Pests
1322483,Pests
1322506,Healthy
1322595,Pests
1322597,Diseased
1322600,Diseased
1322611,Stressed
1322617,Pests
1322621,Pests
773901,Diseased
187649,Healthy
1322631,Diseased
1322643,Pests
1322645,Pests
1323886,Pests
1324091,Pests
1324096,Pests
1324099,Diseased
1324102,Pests
1324106,Healthy
1324114,Healthy
1324119,Pests
1324121,Pests
1324131,Pests
1304740,Stressed
1307169,Healthy
1307430,Stressed
1326333,Diseased
1326334,Diseased
1326335,Pests
1326336,Diseased
1326337,Diseased
1326338,Diseased
1326339,Diseased
66394,Diseased
1326341,Diseased
1326342,Diseased
1326343,Healthy
1326345,Pests
1326346,Diseased
1326347,Pests
1326348,Pests
1326350,Diseased
1326351,Diseased
1326354,Healthy
1326355,Pests
1326356,Diseased
1326357,Stressed
1326359,Diseased
1326374,Diseased
1326375,Diseased
1326376,Diseased
1326377,Diseased
1326378,Diseased
1326379,Diseased
1326380,Healthy
1326381,Diseased
1326382,Diseased
1326383,Diseased
1326384,Diseased
1326385,Pests
1326386,Diseased
1326387,Healthy
1326388,Pests
1326389,Diseased
1326390,Pests
1326391,Pests
1326392,Pests
1326393,Diseased
1326394,Stressed
1326395,Stressed
1326396,Diseased
1326397,Diseased
1326398,Diseased
1326399,Pests
1326400,Diseased
1326401,Pests
1326403,Pests
1326404,Diseased
1326405,Diseased
1326406,Pests
1326407,Healthy
1326408,Stressed
1326409,Healthy
1326410,Pests
1326411,Healthy
386453,Diseased
860876,Pests
1324979,Diseased
1324980,Pests
589427,Stressed
1324982,Diseased
220239,Diseased
1324985,Diseased
1324987,Diseased
1324988,Diseased
1324989,Healthy
1324990,Pests
1324991,Stressed
1324992,Diseased
1324993,Healthy
1324945,Healthy
1324946,Diseased
1324947,Stressed
1324948,Healthy
1324949,Diseased
1324950,Pests
219517,Stressed
1324952,Diseased
1324953,Pests
1324954,Diseased
1324955,Stressed
1324956,Diseased
1324957,Diseased
1324958,Diseased
1324959,Pests
1324960,Diseased
1324962,Diseased
1324963,Diseased
1324964,Pests
1324965,Diseased
1324966,Diseased
1324967,Diseased
1324968,Healthy
1324969,Pests
1324970,Pests
1324971,Pests
1324972,Healthy
1324973,Pests
1324974,Pests
1324975,Diseased
1324976,Pests
1324977,Pests
1324978,Diseased
1324907,Stressed
1324929,Healthy
1324937,Stressed
1324903,Diseased
1326445,Diseased
1326446,Stressed
1326448,Diseased
1326449,Diseased
1326450,Stressed
1326451,Pests
1326507,Diseased
1326509,Healthy
1326511,Healthy
1326512,Diseased
1326513,Pests
1326515,Diseased
1326516,Pests
1326518,Diseased
1326519,Diseased
1326521,Pests
1326522,Stressed
1326524,Pests
1326526,Pests
1326527,Diseased
1326528,Diseased
320034,Pests
1326530,Diseased
1326531,Healthy
1326532,Healthy
1326533,Healthy
1326534,Diseased
1326535,Stressed
1326536,Pests
1326537,Diseased
1326538,Healthy
1326539,Healthy
1326540,Diseased
1326541,Pests
1326542,Diseased
1326543,Pests
1326544,Healthy
902667,Diseased
1326546,Pests
1326547,Stressed
1326548,Stressed
1326549,Diseased
1326551,Stressed
1326553,Stressed
1326555,Diseased
1326556,Diseased
1326557,Diseased
1326558,Diseased
1326559,Diseased
1326560,Diseased
1326561,Diseased
1326562,Diseased
1326563,Stressed
1326565,Pests
1326566,Stressed
1326567,Diseased
1326568,Healthy
1326569,Diseased
1326570,Healthy
1326571,Healthy
1326572,Diseased
1326574,Diseased
16314,Diseased
1325423,Diseased
1313935,Diseased
1317114,Diseased
1305718,Diseased
1317390,Diseased
1316204,Diseased
1308771,Diseased
1304434,Diseased
1300791,Diseased
1314459,Diseased
1299467,Diseased
1305078,Diseased
1319752,Diseased
1323119,Diseased
1324687,Diseased
1317119,Diseased
1315933,Diseased
1310426,Diseased
1316177,Diseased
1313812,Diseased
1313736,Diseased
1312748,Diseased
1315626,Diseased
1301512,Diseased
1313018,Diseased
1311154,Diseased
1307109,Diseased
1302984,Diseased
1314416,Diseased
1322178,Diseased
1308109,Diseased
1308725,Diseased
1316923,Diseased
1302475,Diseased
1316201,Diseased
1298685,Stressed
1306143,Diseased
1315334,Pests
1315729,Diseased
1311133,Diseased
1299962,Diseased
1300319,Stressed
1303148,Stressed
1324195,Diseased
1312916,Diseased
1325667,Diseased
1301577,Diseased
538960,Diseased
1317326,Pests
1312603,Diseased
1300449,Diseased
1306900,Diseased
1323275,Healthy
1325074,Diseased
1303511,Diseased
1307361,Diseased
1297739,Diseased
1304448,Diseased
1315687,Stressed
1318985,Diseased
1313180,Diseased
1314190,Diseased
1309681,Diseased
1322015,Diseased
1309163,Diseased
1323385,Diseased
1308887,Diseased
1316533,Diseased
1307066,Diseased
1301017,Diseased
1320667,Diseased
1315636,Diseased
1303752,Diseased
1325533,Diseased
1299107,Diseased
1312398,Diseased
1315397,Diseased
473355,Diseased
1303945,Diseased
1302648,Diseased
1307724,Diseased
1302690,Diseased
1314944,Diseased
1325230,Diseased
1301155,Diseased
1322053,Diseased
721550,Diseased
1318815,Diseased
1317914,Diseased
1317012,Diseased
1299842,Diseased
1308851,Diseased
1300249,Healthy
259375,Stressed
1309257,Healthy
1300157,Stressed
1325931,Stressed
1322024,Stressed
1320616,Healthy
1323164,Diseased
1301580,Stressed
1301275,Stressed
1319687,Stressed
863023,Healthy
1318168,Stressed
1302023,Stressed
1317940,Stressed
1305703,Healthy
1321121,Healthy
1301446,Stressed
1317597,Healthy
1304258,Healthy
1304226,Healthy
698693,Healthy
1317672,Pests
1315305,Healthy
1307632,Healthy
1305990,Healthy
1297672,Healthy
1301909,Healthy
1312322,Healthy
1302414,Healthy
1302410,Healthy
1315318,Healthy
586773,Healthy
1316469,Diseased
1298819,Pests
1320621,Healthy
1305440,Pests
1307555,Diseased
947699,Healthy
696066,Healthy
389026,Healthy
1303517,Healthy
1301920,Pests
1300884,Healthy
1303456,Healthy
1304849,Healthy
831529,Healthy
45285,Healthy
1301100,Healthy
1325312,Healthy
1324573,Pests
1324188,Healthy
1298893,Healthy
752120,Pests
1304055,Healthy
427351,Healthy
1308242,Healthy
167714,Healthy
949753,Healthy
1303757,Pests
347132,Healthy
112321,Healthy
1299336,Healthy
1310229,Healthy
638743,Stressed
1299205,Healthy
907892,Healthy
255955,Healthy
1313932,Healthy
1319710,Healthy
1307153,Healthy
1299507,Healthy
1302575,Healthy
1305800,Healthy
1299258,Pests
1324490,Healthy
1314874,Healthy
330000,Healthy
447071,Healthy
1312662,Healthy
1303076,Healthy
1302696,Diseased
157865,Healthy
1306734,Healthy
448829,Healthy
1312631,Healthy
1297414,Healthy
1324920,Pests
1300656,Healthy
1301085,Healthy
1311006,Healthy
1318094,Healthy
1307272,Stressed
1299047,Healthy
206198,Stressed
1299770,Healthy
793496,Healthy
768438,Healthy
1325253,Diseased
1299367,Healthy
1300005,Healthy
1325240,Healthy
1318196,Healthy
1322149,Stressed
55732,Healthy
1325359,Healthy
1320858,Healthy
1315737,Stressed
1325144,Healthy
388111,Healthy
162053,Stressed
1314973,Pests
1308660,Healthy
1306284,Pests
1313746,Healthy
311628,Healthy
1323953,Diseased
818634,Healthy
627765,Stressed
1319468,Healthy
221227,Pests
1310163,Healthy
1298910,Healthy
1314013,Diseased
1312934,Healthy
150127,Healthy
253203,Healthy
1301551,Healthy
818136,Pests
1305934,Pests
1324817,Healthy
1308952,Healthy
816124,Stressed
1319080,Pests
1306230,Stressed
1299050,Stressed
792819,Pests
1313138,Healthy
1309400,Stressed
179401,Pests
791667,Stressed
230649,Pests
1298812,Pests
945671,Pests
110441,Stressed
1306938,Pests
1317221,Healthy
823965,Stressed
1320681,Pests
1320339,Stressed
760633,Pests
1301378,Pests
1304248,Healthy
1325758,Stressed
509377,Pests
947841,Stressed
799587,Pests
1302914,Pests
216118,Healthy
1310145,Pests
1317270,Pests
1308713,Pests
1299268,Pests
1323719,Pests
1316728,Stressed
695633,Pests
1320307,Healthy
1315927,Stressed
1317282,Stressed
454603,Healthy
1318851,Healthy
1303064,Stressed
1300668,Pests
1305999,Pests
1306070,Stressed
1314722,Stressed
1317305,Pests
649958,Stressed
1314631,Pests
1302943,Pests
1312539,Pests
1297814,Stressed
1300512,Pests
1308824,Healthy
71007,Stressed
61630,Stressed
1317460,Stressed
1323877,Stressed
394181,Stressed
1326297,Healthy
1323431,Healthy
1303442,Stressed
1319092,Pests
187289,Pests
577994,Pests
80408,Pests
1301050,Stressed
1307056,Stressed
1306071,Healthy
798877,Pests
99420,Stressed
1306193,Healthy
1306415,Healthy
1319719,Stressed
1303656,Pests
1324712,Stressed
1315621,Pests
1320404,Stressed
1312813,Healthy
1320686,Pests
298776,Pests
1310091,Stressed
1323251,Stressed
1312570,Pests
377930,Pests
1309291,Healthy
808013,Stressed
1323305,Pests
1308459,Pests
1309489,Stressed
248651,Stressed
853755,Pests
153540,Pests
798926,Diseased
766119,Diseased
54243,Pests
495821,Diseased
389942,Diseased
666041,Diseased
672526,Stressed
132307,Diseased
616618,Diseased
31819,Diseased
813898,Diseased
72153,Diseased
575405,Diseased
1308655,Diseased
946334,Diseased
933868,Diseased
535623,Diseased
998705,Pests
140782,Diseased
995357,Diseased
829873,Diseased
629931,Pests
551380,Pests
29662,Diseased
293341,Diseased
774355,Diseased
611755,Healthy
657338,Diseased
794939,Pests
296143,Diseased
551119,Diseased
916476,Diseased
121860,Diseased
270936,Diseased
1326552,Diseased
